update,n_simul_rounds,wall_time_s,t_dist_s,t_collect_s,t_gae_s,t_ppo_s,n_finished,n_won,win_rate,avg_ep_len,avg_reward,p_loss,v_loss,entropy,vram_alloc_before_mb,vram_reserved_before_mb,vram_alloc_after_mb,vram_reserved_after_mb
116,1,1593.465,0.242,207.253,0.0220,1383.769,63,63,1.0000,520.13,20.000000,0.001983,0.432833,1.139051,4.2,10.0,34.2,134.0
117,1,1298.303,0.076,282.009,0.0217,1011.936,33,33,1.0000,992.97,20.000000,0.003738,0.345488,1.314558,34.2,134.0,34.2,160.0
118,1,1124.637,0.081,308.735,0.0223,811.557,35,35,1.0000,936.23,20.000000,0.001350,0.353859,1.280061,34.2,160.0,34.2,164.0
119,1,1107.199,0.142,300.539,0.0228,802.188,22,22,1.0000,1489.45,20.000000,0.003256,0.243039,1.438812,34.2,164.0,34.2,154.0
120,1,1078.681,0.083,293.632,0.0224,780.859,30,30,1.0000,1092.27,20.000000,0.002495,0.328369,1.479700,34.2,154.0,34.2,158.0
121,1,717.225,0.079,302.411,0.0213,411.735,17,17,1.0000,1927.53,20.000000,0.001755,0.401154,1.429603,34.2,158.0,34.2,174.0
122,1,650.307,0.133,316.033,0.0206,330.965,12,12,1.0000,2730.67,20.000000,0.005450,0.266270,1.507248,34.2,174.0,34.2,168.0
123,1,759.101,0.126,305.602,0.0218,449.893,16,16,1.0000,2048.00,20.000000,0.007116,0.296978,1.540049,34.2,168.0,34.2,162.0
124,1,617.824,0.146,335.856,0.0225,278.833,6,6,1.0000,5461.33,20.000000,0.010674,0.119187,1.358745,34.2,162.0,34.2,162.0
125,1,950.771,0.078,318.491,0.0239,628.811,25,25,1.0000,1310.72,20.000000,0.005180,0.393655,1.504589,34.2,162.0,34.2,164.0
126,1,514.881,0.144,326.786,0.0214,185.365,5,5,1.0000,6553.60,20.000000,0.007355,0.354283,1.561615,34.2,164.0,34.2,182.0
127,1,529.506,0.138,336.035,0.0219,190.454,4,4,1.0000,8192.00,20.000000,0.008946,0.126713,1.749259,34.2,182.0,34.2,184.0
128,1,548.702,0.154,332.904,0.0221,212.458,9,9,1.0000,3640.89,20.000000,0.004298,0.400821,1.564940,34.2,184.0,34.2,176.0
129,1,547.773,0.147,333.533,0.0227,210.951,7,7,1.0000,4681.14,20.000000,0.011156,0.350929,1.503693,34.2,176.0,34.2,156.0
130,1,388.925,0.147,335.200,0.0236,50.690,3,3,1.0000,10922.67,20.000000,0.004612,0.445822,1.393751,34.2,156.0,34.2,152.0
131,1,536.822,0.146,325.469,0.0214,208.361,9,9,1.0000,3640.89,20.000000,0.004145,0.508485,1.581169,34.2,152.0,34.2,156.0
132,2,926.083,0.240,649.646,0.0224,270.858,7,7,1.0000,4681.14,20.000000,0.007378,0.256901,1.436434,34.2,156.0,34.2,168.0
133,1,368.374,0.153,343.891,0.0221,21.438,1,1,1.0000,32768.00,20.000000,0.001627,0.273530,0.722140,34.2,168.0,34.2,128.0
134,1,588.350,0.151,346.375,0.0214,238.297,8,8,1.0000,4096.00,20.000000,0.008066,0.263808,1.647746,34.2,128.0,34.2,160.0
135,1,569.357,0.146,344.879,0.0218,221.205,8,8,1.0000,4096.00,20.000000,0.007832,0.410691,1.318441,34.2,160.0,34.2,174.0
136,1,530.815,0.143,348.182,0.0205,179.882,6,6,1.0000,5461.33,20.000000,0.004692,0.608682,1.445953,34.2,174.0,34.2,172.0
137,1,535.271,0.126,320.061,0.0204,212.089,10,10,1.0000,3276.80,20.000000,0.003800,0.317192,1.424619,34.2,172.0,34.2,160.0
138,1,571.825,0.129,361.963,0.0209,206.456,4,4,1.0000,8192.00,20.000000,0.011208,0.311008,1.626957,34.2,160.0,34.2,168.0
139,1,441.951,0.087,347.986,0.0210,90.912,5,5,1.0000,6553.60,20.000000,0.007210,0.460145,1.330096,34.2,168.0,34.2,146.0
140,1,502.853,0.145,353.379,0.0213,146.096,4,4,1.0000,8192.00,20.000000,0.006638,0.527694,1.466062,34.2,146.0,34.2,152.0
141,1,375.318,0.144,339.800,0.0208,32.374,3,3,1.0000,10922.67,20.000000,0.005178,1.009497,1.439574,34.2,152.0,34.2,166.0
142,1,438.686,0.147,371.931,0.0210,63.477,4,4,1.0000,8192.00,20.000000,0.005316,0.492417,1.533904,34.2,166.0,34.2,154.0
143,1,469.929,0.093,348.402,0.0214,118.708,3,3,1.0000,10922.67,20.000000,0.004705,0.118885,1.415331,34.2,154.0,34.2,170.0
144,1,428.622,0.091,328.112,0.0271,97.379,5,5,1.0000,6553.60,20.000000,0.010308,0.529469,1.435834,34.2,170.0,34.2,150.0
145,1,562.932,0.091,346.172,0.0213,213.283,5,5,1.0000,6553.60,20.000000,0.007541,0.244685,1.750946,34.2,150.0,34.2,164.0
146,1,475.752,0.141,365.254,0.0215,107.115,4,4,1.0000,8192.00,20.000000,0.009702,0.252274,1.615913,34.2,164.0,34.2,164.0
147,1,618.755,0.152,373.750,0.0222,241.348,6,6,1.0000,5461.33,20.000000,0.008850,0.148902,1.739150,34.2,164.0,34.2,174.0
148,1,516.980,0.077,353.848,0.0204,159.959,3,3,1.0000,10922.67,20.000000,0.009121,0.280406,1.949138,34.2,174.0,34.2,170.0
149,1,392.060,0.081,349.953,0.0218,39.018,1,1,1.0000,32768.00,20.000000,0.005891,0.202880,2.229428,34.2,170.0,34.2,188.0
150,1,444.027,0.145,369.475,0.0213,71.325,1,1,1.0000,32768.00,20.000000,0.014553,0.126444,1.415231,34.2,188.0,34.2,152.0
151,1,496.375,0.082,356.931,0.0206,135.954,4,4,1.0000,8192.00,20.000000,0.010043,0.293240,1.550300,34.2,152.0,34.2,178.0
152,1,521.653,0.075,385.988,0.0218,132.274,3,3,1.0000,10922.67,20.000000,0.003647,0.536505,1.504243,34.2,178.0,34.2,168.0
153,1,639.113,0.144,372.858,0.0220,262.363,8,8,1.0000,4096.00,20.000000,0.008617,0.207451,1.517057,34.2,168.0,34.2,170.0
154,1,464.600,0.153,394.157,0.0213,67.293,3,3,1.0000,10922.67,20.000000,0.006268,0.778344,1.709790,34.2,170.0,34.2,158.0
155,1,519.428,0.093,372.002,0.0223,143.993,6,6,1.0000,5461.33,20.000000,0.007679,0.450071,1.491786,34.2,158.0,34.2,152.0
156,1,759.229,0.082,370.852,0.0226,384.390,13,13,1.0000,2520.62,20.000000,0.006456,0.429665,1.500251,34.2,152.0,34.2,154.0
157,1,510.110,0.087,379.712,0.0211,126.636,3,3,1.0000,10922.67,20.000000,0.006076,0.323368,1.427309,34.2,154.0,34.2,168.0
158,1,457.773,0.157,381.465,0.0216,72.935,5,5,1.0000,6553.60,20.000000,0.008250,0.601108,1.320461,34.2,168.0,34.2,162.0
159,1,471.276,0.146,382.065,0.0217,85.899,5,5,1.0000,6553.60,20.000000,0.008523,0.431870,1.316701,34.2,162.0,34.2,170.0
160,1,461.077,0.076,372.831,0.0213,84.993,2,2,1.0000,16384.00,20.000000,0.008582,0.185558,1.867585,34.2,170.0,34.2,162.0
161,1,551.685,0.150,379.944,0.0215,168.177,3,3,1.0000,10922.67,20.000000,0.004876,0.406056,1.349052,34.2,162.0,34.2,164.0
162,1,511.398,0.078,389.194,0.0215,118.536,2,2,1.0000,16384.00,20.000000,0.001544,0.067084,1.504542,34.2,164.0,34.2,160.0
163,1,465.591,0.153,375.722,0.0219,86.161,2,2,1.0000,16384.00,20.000000,0.010001,0.199879,1.671836,34.2,160.0,34.2,164.0
164,1,515.292,0.082,374.215,0.0220,137.340,4,4,1.0000,8192.00,20.000000,0.010304,0.315835,1.425520,34.2,164.0,34.2,158.0
165,1,652.272,0.075,378.991,0.0272,269.318,8,8,1.0000,4096.00,20.000000,0.012659,0.368463,1.557568,34.2,158.0,34.2,160.0
166,1,422.824,0.079,350.842,0.0217,68.789,2,2,1.0000,16384.00,20.000000,0.010261,0.417206,1.668271,34.2,160.0,34.2,174.0
167,1,474.769,0.134,380.986,0.0218,90.398,2,2,1.0000,16384.00,20.000000,0.012184,0.092629,1.597765,34.2,174.0,34.2,162.0
168,1,547.627,0.144,395.144,0.0216,148.737,6,6,1.0000,5461.33,20.000000,0.011455,0.410689,1.710421,34.2,162.0,34.2,176.0
169,1,583.918,0.085,395.038,0.0233,185.143,6,6,1.0000,5461.33,20.000000,0.009186,0.398771,1.291728,34.2,176.0,34.2,170.0
170,1,491.605,0.086,389.014,0.0214,99.195,4,4,1.0000,8192.00,20.000000,0.010683,0.288323,1.463594,34.2,170.0,34.2,156.0
171,1,512.545,0.079,376.592,0.0264,132.648,3,3,1.0000,10922.67,20.000000,0.005653,0.267276,1.820469,34.2,156.0,34.2,168.0
172,1,438.128,0.131,376.798,0.0214,57.972,1,1,1.0000,32768.00,20.000000,0.004947,0.525217,1.335018,34.2,168.0,34.2,162.0
173,2,830.572,0.267,745.868,0.0247,77.746,3,3,1.0000,10922.67,20.000000,0.007310,0.466035,1.583702,34.2,162.0,34.2,160.0
174,1,424.853,0.141,376.780,0.0211,44.747,1,1,1.0000,32768.00,20.000000,-0.002023,0.104134,1.877890,34.2,160.0,34.2,164.0
175,1,419.060,0.077,366.119,0.0207,49.738,1,1,1.0000,32768.00,20.000000,0.004846,0.308697,1.659060,34.2,164.0,34.2,164.0
176,9,3522.744,1.430,3470.212,0.0226,24.806,3,2,0.6667,10922.67,13.333333,0.006265,0.148926,1.296228,34.2,164.0,34.2,150.0
177,1,403.245,0.083,368.827,0.0218,31.176,1,1,1.0000,32768.00,20.000000,0.003722,0.230580,1.496443,34.2,150.0,34.2,144.0
178,2,902.187,0.243,769.637,0.0241,125.877,4,3,0.7500,8192.00,15.000000,0.003893,0.172040,1.530038,34.2,144.0,34.2,152.0
179,2,897.326,0.268,748.212,0.0218,142.149,8,4,0.5000,4096.00,10.000000,0.008727,0.316457,1.184068,34.2,152.0,34.2,184.0
180,1,444.739,0.083,374.654,0.0214,66.890,6,3,0.5000,5461.33,10.000000,0.006191,0.387999,1.392646,34.2,184.0,34.2,170.0
181,1,399.574,0.076,363.722,0.0226,32.721,1,1,1.0000,32768.00,20.000000,0.009172,0.221477,1.728413,34.2,170.0,34.2,174.0
182,1,486.312,0.149,384.039,0.0227,98.793,5,3,0.6000,6553.60,12.000000,0.008512,0.110829,1.721003,34.2,174.0,34.2,160.0
183,1,452.507,0.084,380.373,0.0217,68.918,4,2,0.5000,8192.00,10.000000,0.011689,0.261980,1.555448,34.2,160.0,34.2,156.0
184,1,464.449,0.146,386.729,0.0220,74.404,5,5,1.0000,6553.60,20.000000,0.004325,0.718914,1.355473,34.2,156.0,34.2,170.0
185,2,818.651,0.229,755.385,0.0207,56.713,5,3,0.6000,6553.60,12.000000,0.004995,0.339656,1.595967,34.2,170.0,34.2,168.0
186,1,550.159,0.140,385.523,0.0209,160.853,8,7,0.8750,4096.00,18.750000,0.004148,0.486529,1.593880,34.2,168.0,34.2,162.0
187,2,989.358,0.342,801.875,0.0223,180.651,10,8,0.8000,3276.80,16.000000,0.010179,0.289377,1.559415,34.2,162.0,34.2,160.0
188,1,525.604,0.080,379.837,0.0216,142.206,7,5,0.7143,4681.14,14.285714,0.007876,0.326838,1.444092,34.2,160.0,34.2,164.0
189,1,498.587,0.139,378.375,0.0220,116.800,6,5,0.8333,5461.33,16.666667,0.008393,0.312328,1.340089,34.2,164.0,34.2,162.0
190,1,571.678,0.084,382.163,0.0214,186.268,12,9,0.7500,2730.67,15.000000,0.008226,0.415529,1.394450,34.2,162.0,34.2,160.0
191,1,529.886,0.078,366.078,0.0213,160.376,7,6,0.8571,4681.14,17.142857,0.005920,0.267426,1.713664,34.2,160.0,34.2,174.0
192,1,509.121,0.144,404.949,0.0216,100.597,5,2,0.4000,6553.60,8.000000,0.004615,0.372201,1.518995,34.2,174.0,34.2,170.0
193,1,493.708,0.085,381.565,0.0237,108.533,2,2,1.0000,16384.00,20.000000,0.004614,0.187777,1.408244,34.2,170.0,34.2,172.0
194,1,469.292,0.154,403.641,0.0228,62.020,4,4,1.0000,8192.00,20.000000,0.006996,0.849024,1.131820,34.2,172.0,34.2,144.0
195,1,482.423,0.156,374.134,0.0216,104.763,5,3,0.6000,6553.60,12.000000,0.003380,0.466697,1.565489,34.2,144.0,34.2,166.0
196,1,482.184,0.079,370.837,0.0208,107.862,5,4,0.8000,6553.60,16.000000,0.001527,0.447139,1.636533,34.2,166.0,34.2,164.0
197,1,479.586,0.135,391.965,0.0213,84.016,5,4,0.8000,6553.60,16.000000,0.003759,0.744554,1.499178,34.2,164.0,34.2,146.0
198,1,419.190,0.073,386.294,0.0206,29.709,2,1,0.5000,16384.00,10.000000,0.008916,0.428217,1.552250,34.2,146.0,34.2,154.0
199,1,478.817,0.152,390.340,0.0221,85.187,3,3,1.0000,10922.67,20.000000,0.006870,0.483097,1.422685,34.2,154.0,34.2,152.0
200,1,604.060,0.142,384.585,0.0207,215.874,12,8,0.6667,2730.67,13.333333,0.006311,0.378111,1.437375,34.2,152.0,34.2,168.0
201,1,524.717,0.148,381.072,0.0209,139.716,6,6,1.0000,5461.33,20.000000,0.008292,0.319686,1.687695,34.2,168.0,34.2,148.0
202,1,653.579,0.148,394.794,0.0240,255.024,9,9,1.0000,3640.89,20.000000,0.008545,0.367428,1.427314,34.2,148.0,34.2,152.0
203,1,646.046,0.156,384.242,0.0216,258.145,10,10,1.0000,3276.80,20.000000,0.007924,0.302709,1.579716,34.2,152.0,34.2,160.0
204,1,458.625,0.091,387.173,0.0215,68.270,4,2,0.5000,8192.00,12.500000,0.007438,0.168657,1.570132,34.2,160.0,34.2,170.0
205,1,567.381,0.147,399.724,0.0203,163.927,5,4,0.8000,6553.60,16.000000,0.011038,0.149073,2.011913,34.2,170.0,34.2,154.0
206,1,729.771,0.151,403.572,0.0215,322.205,11,10,0.9091,2978.91,18.181818,0.007913,0.228868,1.678385,34.2,154.0,34.2,170.0
207,1,730.696,0.113,386.006,0.0215,340.837,14,12,0.8571,2340.57,17.142857,0.004395,0.386184,1.748600,34.2,170.0,34.2,162.0
208,1,715.287,0.076,380.360,0.0242,330.958,14,9,0.6429,2340.57,12.857143,0.006837,0.293447,1.458494,34.2,162.0,34.2,160.0
209,1,806.103,0.077,354.284,0.0216,447.369,14,12,0.8571,2340.57,17.142857,0.002620,0.267326,1.731218,34.2,160.0,34.2,156.0
210,1,560.992,0.150,359.019,0.0205,198.602,8,7,0.8750,4096.00,17.500000,0.004632,0.429748,1.771135,34.2,156.0,34.2,172.0
211,1,795.070,0.070,382.701,0.0220,408.190,15,14,0.9333,2184.53,18.666667,0.007914,0.356607,1.696219,34.2,172.0,34.2,162.0
212,1,813.793,0.142,344.095,0.0223,465.044,18,17,0.9444,1820.44,18.888889,0.006545,0.358754,1.646545,34.2,162.0,34.2,158.0
213,1,762.363,0.151,355.943,0.0220,401.960,18,16,0.8889,1820.44,17.777778,0.005965,0.295799,1.711609,34.2,158.0,34.2,170.0
214,1,658.395,0.141,375.402,0.0210,279.103,13,13,1.0000,2520.62,20.000000,0.006806,0.430751,1.704974,34.2,170.0,34.2,168.0
215,1,563.341,0.073,362.523,0.0219,197.017,6,6,1.0000,5461.33,20.000000,0.000039,0.431503,1.675052,34.2,168.0,34.2,158.0
216,1,633.991,0.134,343.347,0.0217,286.497,17,17,1.0000,1927.53,20.000000,0.007601,0.660829,1.712061,34.2,158.0,34.2,152.0
217,1,645.516,0.078,342.735,0.0216,298.362,14,13,0.9286,2340.57,18.571429,0.006966,0.326328,1.644573,34.2,152.0,34.2,164.0
218,1,443.004,0.086,349.280,0.0227,90.417,3,3,1.0000,10922.67,20.000000,0.006684,0.189479,1.608431,34.2,164.0,34.2,148.0
219,1,466.142,0.146,352.507,0.0252,110.353,4,3,0.7500,8192.00,15.000000,0.007328,0.442605,1.527009,34.2,148.0,34.2,160.0
220,1,533.572,0.140,372.055,0.0215,158.016,7,7,1.0000,4681.14,20.000000,0.009712,0.346241,1.545940,34.2,160.0,34.2,160.0
221,1,538.148,0.074,378.088,0.0225,156.521,6,5,0.8333,5461.33,16.666667,0.014797,0.362838,1.456972,34.2,160.0,34.2,176.0
222,1,729.873,0.158,372.284,0.0211,353.364,14,14,1.0000,2340.57,20.000000,0.007300,0.361354,1.419057,34.2,176.0,34.2,156.0
223,1,496.890,0.133,374.061,0.0220,119.055,6,4,0.6667,5461.33,13.333333,0.008529,0.193154,1.650101,34.2,156.0,34.2,164.0
224,1,429.125,0.088,356.419,0.0254,69.157,2,2,1.0000,16384.00,20.000000,0.009853,0.229726,1.570188,34.2,164.0,34.2,170.0
225,1,557.273,0.146,379.556,0.0220,173.927,10,7,0.7000,3276.80,14.000000,0.005766,0.464291,1.524146,34.2,170.0,34.2,174.0
226,1,494.340,0.079,394.864,0.0214,96.083,7,5,0.7143,4681.14,14.285714,0.006466,0.478520,1.486254,34.2,174.0,34.2,144.0
227,1,546.214,0.138,350.677,0.0221,191.744,13,10,0.7692,2520.62,15.384615,0.006819,0.369711,1.382208,34.2,144.0,34.2,162.0
228,1,483.876,0.081,356.160,0.0215,124.599,6,5,0.8333,5461.33,16.666667,0.001445,0.523552,1.297788,34.2,162.0,34.2,156.0
229,1,604.457,0.149,380.904,0.0235,220.159,9,8,0.8889,3640.89,17.777778,0.005976,0.299018,1.388853,34.2,156.0,34.2,158.0
230,1,498.653,0.152,374.984,0.0218,120.270,5,3,0.6000,6553.60,12.000000,0.008684,0.306005,1.715510,34.2,158.0,34.2,146.0
231,1,501.997,0.144,384.166,0.0216,114.449,8,7,0.8750,4096.00,17.500000,0.006236,0.751084,1.335652,34.2,146.0,34.2,146.0
232,1,646.670,0.146,358.215,0.0243,284.472,8,8,1.0000,4096.00,20.000000,0.007751,0.399409,1.361276,34.2,146.0,34.2,158.0
233,1,749.716,0.080,372.368,0.0210,373.224,13,11,0.8462,2520.62,16.923077,0.006616,0.295100,1.573005,34.2,158.0,34.2,150.0
234,1,640.983,0.153,372.855,0.0209,264.396,10,9,0.9000,3276.80,18.000000,0.006030,0.335322,1.421944,34.2,150.0,34.2,150.0
235,1,500.918,0.150,387.053,0.0222,110.519,5,5,1.0000,6553.60,20.000000,0.009804,0.174383,1.501271,34.2,150.0,34.2,160.0
236,1,448.120,0.080,389.044,0.0211,55.870,4,3,0.7500,8192.00,17.500000,0.010274,0.103233,1.633076,34.2,160.0,34.2,154.0
237,1,471.142,0.148,373.190,0.0205,94.212,7,6,0.8571,4681.14,17.142857,0.005462,0.611814,1.614680,34.2,154.0,34.2,164.0
238,1,415.150,0.137,378.097,0.0207,33.727,2,2,1.0000,16384.00,20.000000,0.006982,0.848963,1.481225,34.2,164.0,34.2,158.0
239,1,541.629,0.144,377.022,0.0236,160.632,6,6,1.0000,5461.33,20.000000,0.003051,0.429282,1.599757,34.2,158.0,34.2,166.0
240,1,428.293,0.101,359.304,0.0245,65.831,5,4,0.8000,6553.60,16.000000,0.012027,0.381709,1.554532,34.2,166.0,34.2,178.0
241,1,532.906,0.092,358.223,0.0228,171.013,8,7,0.8750,4096.00,17.500000,0.002044,0.397367,1.532178,34.2,178.0,34.2,160.0
242,1,446.435,0.082,370.281,0.0213,72.505,6,4,0.6667,5461.33,13.333333,-0.001824,0.656139,1.421600,34.2,160.0,34.2,152.0
243,1,414.699,0.096,362.248,0.0233,49.229,1,1,1.0000,32768.00,20.000000,0.005165,0.330609,1.311669,34.2,152.0,34.2,168.0
244,1,511.875,0.092,381.250,0.0267,127.212,6,5,0.8333,5461.33,16.666667,0.006819,0.347086,1.681363,34.2,168.0,34.2,172.0
245,1,418.085,0.150,380.847,0.0221,33.868,2,2,1.0000,16384.00,20.000000,0.007100,1.065657,1.478914,34.2,172.0,34.2,146.0
246,1,618.642,0.160,396.290,0.0219,218.441,10,10,1.0000,3276.80,20.000000,0.004599,0.568953,1.654864,34.2,146.0,34.2,166.0
247,1,440.993,0.147,378.879,0.0236,58.601,2,2,1.0000,16384.00,20.000000,0.009672,0.166537,1.629647,34.2,166.0,34.2,166.0
248,1,493.920,0.150,394.571,0.0228,95.899,5,5,1.0000,6553.60,20.000000,0.008590,0.341007,1.324010,34.2,166.0,34.2,156.0
249,1,512.802,0.129,361.811,0.0222,147.239,5,5,1.0000,6553.60,20.000000,0.009672,0.227477,1.429990,34.2,156.0,34.2,146.0
250,1,509.464,0.087,372.977,0.0208,133.185,8,7,0.8750,4096.00,17.500000,0.007526,0.564978,1.468765,34.2,146.0,34.2,152.0
251,1,443.859,0.081,376.290,0.0260,64.227,3,3,1.0000,10922.67,23.333333,0.008953,0.216506,2.475861,34.2,152.0,34.2,162.0
252,2,1017.392,0.310,802.800,0.0204,208.081,5,5,1.0000,6553.60,20.000000,0.002117,0.281470,1.539619,34.2,162.0,33.8,156.0
253,1,643.881,0.095,380.496,0.0223,259.781,8,8,1.0000,4096.00,20.000000,0.005076,0.339329,1.453235,33.8,156.0,34.2,184.0
254,1,504.382,0.078,397.597,0.0218,103.396,7,5,0.7143,4681.14,14.285714,0.005619,0.368194,1.522295,34.2,184.0,34.2,174.0
255,1,441.203,0.139,379.056,0.0224,58.683,6,5,0.8333,5461.33,16.666667,0.006046,0.609853,1.513715,34.2,174.0,34.2,164.0
256,1,498.888,0.095,384.189,0.0209,111.321,3,3,1.0000,10922.67,20.000000,0.003394,0.163024,1.529754,34.2,164.0,34.2,154.0
257,1,474.458,0.090,389.928,0.0217,80.910,3,2,0.6667,10922.67,13.333333,0.010800,0.265035,1.505040,34.2,154.0,34.2,166.0
258,1,482.043,0.080,400.134,0.0224,78.468,4,4,1.0000,8192.00,20.000000,0.006414,0.527841,1.609485,34.2,166.0,34.2,164.0
259,1,524.830,0.082,374.270,0.0261,146.771,6,5,0.8333,5461.33,16.666667,0.008952,0.291087,1.638005,34.2,164.0,34.2,170.0
260,1,500.495,0.152,400.608,0.0211,96.314,2,2,1.0000,16384.00,20.000000,-0.002245,0.424195,1.481697,34.2,170.0,34.2,176.0
261,1,451.921,0.145,415.871,0.0232,32.841,1,1,1.0000,32768.00,20.000000,0.008208,0.257690,1.728346,34.2,176.0,34.2,164.0
262,1,625.177,0.081,423.435,0.0221,197.731,11,9,0.8182,2978.91,16.363636,0.004548,0.512845,1.369926,34.2,164.0,34.2,166.0
263,1,480.132,0.130,383.453,0.0218,93.332,4,3,0.7500,8192.00,15.000000,0.004344,0.200647,1.831591,34.2,166.0,34.2,154.0
264,2,965.885,0.313,809.942,0.0206,148.962,6,6,1.0000,5461.33,20.000000,0.004380,0.275754,1.596356,34.2,154.0,34.2,160.0
265,1,468.238,0.075,396.066,0.0243,68.587,3,2,0.6667,10922.67,13.333333,0.009003,0.324483,1.505315,34.2,160.0,34.2,156.0
266,1,546.823,0.082,398.586,0.0239,144.592,7,5,0.7143,4681.14,14.285714,0.009990,0.292344,1.725304,34.2,156.0,34.2,170.0
267,1,446.165,0.144,416.171,0.0249,26.593,3,2,0.6667,10922.67,13.333333,0.008028,0.325574,1.402688,34.2,170.0,34.2,142.0
268,1,558.829,0.077,392.987,0.0211,161.602,6,6,1.0000,5461.33,21.666667,0.004946,0.293745,1.668997,34.2,142.0,34.2,164.0
269,1,588.354,0.144,416.170,0.0265,168.121,5,5,1.0000,6553.60,20.000000,-0.000553,0.217649,1.738795,34.2,164.0,34.2,178.0
270,1,467.324,0.082,415.672,0.0228,47.996,3,3,1.0000,10922.67,20.000000,0.008492,0.276949,1.447284,34.2,178.0,34.2,144.0
271,1,487.076,0.085,426.379,0.0213,57.144,3,2,0.6667,10922.67,13.333333,-0.002953,0.282908,1.676491,34.2,144.0,34.2,150.0
272,1,567.819,0.078,424.483,0.0246,139.619,3,3,1.0000,10922.67,20.000000,0.009888,0.122461,1.819660,34.2,150.0,34.2,162.0
273,1,809.795,0.091,405.308,0.0217,400.090,14,13,0.9286,2340.57,18.571429,0.001114,0.352375,1.773057,34.2,162.0,34.2,144.0
274,1,623.333,0.078,398.838,0.0211,220.766,9,8,0.8889,3640.89,17.777778,0.004264,0.466757,1.566620,34.2,144.0,34.2,138.0
275,1,578.813,0.150,425.718,0.0211,149.536,4,4,1.0000,8192.00,20.000000,0.003517,0.424078,1.830317,34.2,138.0,34.2,156.0
276,1,616.456,0.149,429.224,0.0217,183.325,5,5,1.0000,6553.60,20.000000,0.002955,0.415294,2.111137,34.2,156.0,34.2,156.0
277,1,582.445,0.080,388.091,0.0223,190.330,4,4,1.0000,8192.00,20.000000,0.004832,0.136323,1.939786,34.2,156.0,34.2,170.0
278,1,503.363,0.076,445.581,0.0207,53.801,3,2,0.6667,10922.67,13.333333,0.008270,0.589845,1.776841,34.2,170.0,34.2,146.0
279,1,554.433,0.148,438.614,0.0210,111.982,3,3,1.0000,10922.67,20.000000,0.008360,0.260591,1.899176,34.2,146.0,34.2,160.0
280,1,631.940,0.080,408.564,0.0255,219.316,4,4,1.0000,8192.00,20.000000,0.001347,0.278617,1.635448,34.2,160.0,34.2,154.0
281,1,585.465,0.147,414.246,0.0218,166.962,7,6,0.8571,4681.14,17.142857,0.009529,0.255841,2.087758,34.2,154.0,34.2,162.0
282,1,589.633,0.143,427.507,0.0217,158.066,5,5,1.0000,6553.60,20.000000,0.005379,0.238192,2.079841,34.2,162.0,34.2,162.0
283,2,949.851,0.223,892.637,0.0209,50.185,2,2,1.0000,16384.00,20.000000,0.006053,0.715530,1.586877,34.2,162.0,34.2,164.0
284,1,563.819,0.087,462.909,0.0212,97.056,4,4,1.0000,8192.00,20.000000,0.004633,0.230735,2.000372,34.2,164.0,34.2,166.0
285,1,608.461,0.134,431.331,0.0224,172.920,7,6,0.8571,4681.14,17.142857,0.004660,0.633232,1.914748,34.2,166.0,34.2,160.0
286,1,731.028,0.145,442.267,0.0224,283.985,12,12,1.0000,2730.67,20.833333,0.006878,0.585294,2.116482,34.2,160.0,34.2,162.0
287,1,665.825,0.080,425.634,0.0218,236.156,6,6,1.0000,5461.33,20.000000,0.006947,0.360139,2.177963,34.2,162.0,34.2,158.0
288,1,552.827,0.076,462.064,0.0218,86.936,1,1,1.0000,32768.00,20.000000,0.009183,0.358052,1.746951,34.2,158.0,34.2,158.0
289,1,562.849,0.156,454.724,0.0229,103.518,3,3,1.0000,10922.67,20.000000,0.008793,0.217832,2.307551,34.2,158.0,34.2,148.0
290,1,482.097,0.087,450.831,0.0206,27.392,3,2,0.6667,10922.67,13.333333,0.010090,0.374294,1.303668,34.2,148.0,34.2,140.0
291,1,519.381,0.135,442.998,0.0211,72.133,6,6,1.0000,5461.33,21.666667,0.005034,0.658284,2.128764,34.2,140.0,34.2,136.0
292,1,591.609,0.083,430.535,0.0215,156.906,5,4,0.8000,6553.60,16.000000,0.005542,0.327874,2.196764,34.2,136.0,34.2,164.0
293,1,572.396,0.083,434.870,0.0218,134.015,3,3,1.0000,10922.67,20.000000,-0.012055,0.434407,1.918810,34.2,164.0,34.2,162.0
294,1,643.795,0.077,455.034,0.0254,184.355,6,5,0.8333,5461.33,16.666667,0.009725,0.236474,1.971119,34.2,162.0,34.2,172.0
295,1,584.073,0.082,447.047,0.0205,133.009,6,6,1.0000,5461.33,20.000000,0.006380,0.582315,2.053043,34.2,172.0,34.2,162.0
296,1,602.849,0.146,444.346,0.0211,154.256,6,5,0.8333,5461.33,16.666667,0.009397,0.311390,2.013068,34.2,162.0,34.2,162.0
297,1,854.525,0.146,434.774,0.0216,414.548,14,14,1.0000,2340.57,20.000000,0.002886,0.377330,1.888029,34.2,162.0,34.2,166.0
298,1,647.179,0.085,440.828,0.0204,202.365,8,8,1.0000,4096.00,20.000000,0.005166,0.559462,1.862564,34.2,166.0,34.2,168.0
299,1,599.016,0.137,402.687,0.0216,192.376,7,6,0.8571,4681.14,17.142857,0.007722,0.406889,1.990845,34.2,168.0,34.2,160.0
300,1,695.619,0.161,428.627,0.0213,262.255,6,6,1.0000,5461.33,20.000000,0.004093,0.250661,1.879344,34.2,160.0,34.2,174.0
301,1,741.112,0.152,432.768,0.0213,303.954,10,10,1.0000,3276.80,21.000000,0.005571,0.497482,1.795916,34.2,174.0,34.2,152.0
302,1,611.107,0.076,413.872,0.0220,193.431,12,11,0.9167,2730.67,18.333333,0.005492,0.773325,1.765521,34.2,152.0,34.2,156.0
303,1,619.130,0.078,415.063,0.0226,199.980,9,8,0.8889,3640.89,17.777778,0.002877,0.350326,1.947102,34.2,156.0,34.2,166.0
304,1,769.330,0.077,411.908,0.0239,352.900,15,15,1.0000,2184.53,20.666667,0.000878,0.339545,1.963844,34.2,166.0,34.2,160.0
305,1,549.957,0.071,421.563,0.0216,124.701,6,6,1.0000,5461.33,20.000000,0.009001,0.420952,1.613948,34.2,160.0,34.2,148.0
306,1,803.906,0.147,404.474,0.0251,393.810,17,16,0.9412,1927.53,18.823529,0.005743,0.292098,1.800867,34.2,148.0,34.2,166.0
307,1,582.144,0.076,395.742,0.0210,182.341,10,10,1.0000,3276.80,20.000000,0.005411,0.826533,1.607598,34.2,166.0,34.2,154.0
308,1,525.644,0.139,408.242,0.0234,113.295,3,3,1.0000,10922.67,20.000000,0.007689,0.179700,2.105518,34.2,154.0,34.2,148.0
309,1,538.250,0.148,399.098,0.0209,135.211,5,4,0.8000,6553.60,16.000000,0.008280,0.247987,1.947921,34.2,148.0,34.2,156.0
310,1,732.712,0.078,418.201,0.0209,310.116,10,10,1.0000,3276.80,20.000000,-0.000386,0.278057,1.928160,34.2,156.0,34.2,154.0
311,1,660.974,0.087,396.586,0.0258,260.172,8,8,1.0000,4096.00,20.000000,0.007653,0.401048,1.788740,34.2,154.0,34.2,162.0
312,1,653.393,0.153,398.574,0.0205,250.666,16,13,0.8125,2048.00,16.250000,0.006089,0.614590,1.659356,34.2,162.0,34.2,156.0
313,1,584.750,0.081,378.127,0.0257,202.336,8,8,1.0000,4096.00,20.000000,0.003951,0.435662,1.626701,34.2,156.0,34.2,160.0
314,1,812.947,0.143,410.905,0.0219,397.581,12,12,1.0000,2730.67,20.000000,-0.001491,0.363159,2.061696,34.2,160.0,34.2,166.0
315,1,683.397,0.079,398.729,0.0243,279.864,10,10,1.0000,3276.80,20.000000,0.010257,0.342522,1.833053,34.2,166.0,34.2,156.0
316,1,607.023,0.084,385.359,0.0206,217.445,6,6,1.0000,5461.33,20.000000,0.007319,0.376156,1.986640,34.2,156.0,34.2,154.0
317,1,805.360,0.157,422.214,0.0217,378.520,16,15,0.9375,2048.00,18.750000,0.005067,0.477514,1.867627,34.2,154.0,34.2,146.0
318,1,620.689,0.137,408.631,0.0216,208.256,14,13,0.9286,2340.57,18.571429,0.007853,0.713529,1.506308,34.2,146.0,34.2,172.0
319,1,650.975,0.080,402.877,0.0215,243.929,13,13,1.0000,2520.62,20.000000,0.003760,0.328844,1.759942,34.2,172.0,33.8,158.0
320,1,594.656,0.156,420.324,0.0226,170.694,7,6,0.8571,4681.14,17.142857,0.000293,0.516553,1.905210,33.8,158.0,34.2,172.0
321,1,656.162,0.138,411.392,0.0222,240.868,9,9,1.0000,3640.89,20.000000,0.003151,0.424054,1.811926,34.2,172.0,34.2,154.0
322,1,643.063,0.147,425.209,0.0219,213.779,8,8,1.0000,4096.00,20.000000,0.008673,0.396705,1.675330,34.2,154.0,34.2,156.0
323,1,581.030,0.150,431.598,0.0216,145.168,5,5,1.0000,6553.60,20.000000,0.002970,0.271176,1.707538,34.2,156.0,34.2,158.0
324,1,712.887,0.089,384.892,0.0216,323.558,11,11,1.0000,2978.91,20.000000,0.007342,0.361221,1.693315,34.2,158.0,34.2,170.0
325,1,568.648,0.150,425.432,0.0209,139.602,7,4,0.5714,4681.14,11.428571,0.006713,0.305965,1.428348,34.2,170.0,34.2,166.0
326,1,741.619,0.077,436.716,0.0221,300.605,10,10,1.0000,3276.80,20.000000,-0.001431,0.391151,1.653121,34.2,166.0,34.2,178.0
327,1,644.783,0.090,410.439,0.0249,229.707,12,12,1.0000,2730.67,20.000000,0.005995,0.704154,1.548266,34.2,178.0,34.2,154.0
328,1,573.781,0.155,413.526,0.0278,156.017,5,4,0.8000,6553.60,16.000000,0.004909,0.231534,1.663742,34.2,154.0,34.2,162.0
329,1,665.359,0.148,416.745,0.0215,244.142,7,7,1.0000,4681.14,20.000000,-0.001741,0.410051,1.833127,34.2,162.0,34.2,164.0
330,1,609.027,0.149,420.012,0.0215,184.331,13,12,0.9231,2520.62,18.461538,0.002170,0.713734,1.369131,34.2,164.0,34.2,140.0
331,1,667.852,0.153,438.724,0.0214,224.704,6,5,0.8333,5461.33,16.666667,0.002812,0.452421,1.911616,34.2,140.0,34.2,158.0
332,1,735.975,0.152,445.540,0.0215,285.281,11,10,0.9091,2978.91,18.181818,0.004685,0.613625,1.669671,34.2,158.0,34.2,158.0
333,1,717.693,0.150,418.577,0.0230,293.673,10,10,1.0000,3276.80,21.000000,0.005421,0.457342,1.770322,34.2,158.0,34.2,166.0
334,1,532.460,0.156,462.613,0.0208,65.343,5,4,0.8000,6553.60,16.000000,0.006168,0.612550,1.736635,34.2,166.0,34.2,156.0
335,1,676.655,0.091,460.755,0.0227,211.381,13,10,0.7692,2520.62,15.384615,0.004584,0.601740,1.678544,34.2,156.0,34.2,158.0
336,1,634.254,0.150,435.916,0.0239,193.669,8,8,1.0000,4096.00,20.000000,0.007188,0.522579,1.606736,34.2,158.0,34.2,164.0
337,1,546.596,0.148,437.062,0.0213,105.172,4,3,0.7500,8192.00,15.000000,0.004009,0.166891,2.157022,34.2,164.0,34.2,162.0
338,1,648.319,0.084,423.813,0.0209,220.146,8,7,0.8750,4096.00,17.500000,0.005759,0.244402,1.932214,34.2,162.0,34.2,166.0
339,1,527.320,0.075,445.436,0.0217,77.966,2,2,1.0000,16384.00,20.000000,-0.002615,0.178259,2.066172,34.2,166.0,34.2,176.0
340,1,512.500,0.127,402.571,0.0217,105.744,4,4,1.0000,8192.00,20.000000,0.007019,0.313927,1.773239,34.2,176.0,34.2,152.0
341,1,561.093,0.078,443.924,0.0243,113.014,3,3,1.0000,10922.67,20.000000,0.009977,0.131394,1.777443,34.2,152.0,34.2,150.0
342,1,643.817,0.140,450.448,0.0216,188.633,6,5,0.8333,5461.33,16.666667,0.007861,0.310237,1.893160,34.2,150.0,34.2,152.0
343,1,598.201,0.138,418.457,0.0239,175.560,4,4,1.0000,8192.00,20.000000,0.006171,0.312407,1.979782,34.2,152.0,34.2,156.0
344,1,679.378,0.087,456.205,0.0217,218.814,5,5,1.0000,6553.60,20.000000,-0.000384,0.432721,1.808559,34.2,156.0,34.2,180.0
345,1,669.978,0.081,417.829,0.0212,247.153,11,9,0.8182,2978.91,16.363636,0.004824,0.357875,1.792406,34.2,180.0,34.2,172.0
346,1,611.346,0.143,423.438,0.0258,183.157,8,8,1.0000,4096.00,21.250000,0.012610,0.363961,1.743486,34.2,172.0,34.2,168.0
347,1,693.511,0.141,406.421,0.0218,281.844,7,7,1.0000,4681.14,20.000000,0.006453,0.250755,1.822944,34.2,168.0,34.2,162.0
348,1,671.445,0.085,419.245,0.0225,247.636,13,11,0.8462,2520.62,17.692308,0.004170,0.423443,1.718678,34.2,162.0,34.2,152.0
349,1,684.488,0.130,401.830,0.0213,278.134,8,8,1.0000,4096.00,20.000000,0.001332,0.473677,1.874296,34.2,152.0,34.2,162.0
350,1,678.805,0.150,418.051,0.0220,255.523,8,8,1.0000,4096.00,20.000000,0.006198,0.261889,1.809759,34.2,162.0,34.2,152.0
351,1,727.259,0.146,417.630,0.0210,304.360,13,12,0.9231,2520.62,18.461538,0.001892,0.452878,1.945946,34.2,152.0,34.2,154.0
352,1,876.580,0.081,433.477,0.0221,437.914,12,12,1.0000,2730.67,20.000000,-0.000245,0.338937,1.885444,34.2,154.0,34.2,158.0
353,1,704.890,0.090,396.930,0.0212,302.510,12,12,1.0000,2730.67,20.000000,0.004094,0.280228,1.940167,34.2,158.0,34.2,148.0
354,1,842.407,0.148,415.367,0.0217,421.990,11,10,0.9091,2978.91,18.181818,-0.002317,0.392599,1.820268,34.2,148.0,34.2,156.0
355,1,726.280,0.079,404.683,0.0217,315.994,16,15,0.9375,2048.00,18.750000,0.005434,0.357941,1.689664,34.2,156.0,34.2,154.0
356,1,795.839,0.143,392.457,0.0216,398.529,12,12,1.0000,2730.67,20.000000,0.002471,0.400527,1.759899,34.2,154.0,34.2,158.0
357,1,752.008,0.080,416.272,0.0222,329.554,14,14,1.0000,2340.57,20.000000,0.002583,0.414631,1.825903,34.2,158.0,34.2,156.0
358,1,622.555,0.141,401.965,0.0228,216.276,8,6,0.7500,4096.00,15.000000,0.006005,0.254997,1.942710,34.2,156.0,34.2,166.0
359,1,529.951,0.085,386.337,0.0267,139.097,5,5,1.0000,6553.60,20.000000,0.008742,0.242069,1.955761,34.2,166.0,34.2,156.0
360,1,694.003,0.089,390.154,0.0243,299.615,10,9,0.9000,3276.80,18.000000,0.000662,0.396953,1.890751,34.2,156.0,34.2,152.0
361,1,835.886,0.132,416.446,0.0237,413.867,13,13,1.0000,2520.62,20.000000,0.000241,0.420389,1.863106,34.2,152.0,34.2,168.0
362,1,634.034,0.086,416.600,0.0213,212.882,8,8,1.0000,4096.00,20.000000,0.000633,0.383805,1.637874,34.2,168.0,34.2,134.0
363,1,537.752,0.079,405.865,0.0210,127.385,7,7,1.0000,4681.14,20.000000,0.009974,0.681933,1.572578,34.2,134.0,34.2,168.0
364,1,617.921,0.092,421.881,0.0222,191.763,9,9,1.0000,3640.89,20.000000,0.004874,0.469098,1.917707,34.2,168.0,34.2,148.0
365,1,720.480,0.136,429.117,0.0211,286.411,9,8,0.8889,3640.89,17.777778,0.004409,0.303540,1.917887,34.2,148.0,34.2,166.0
366,2,919.827,0.281,866.993,0.0256,44.620,2,1,0.5000,16384.00,10.000000,0.007172,0.338422,1.777055,34.2,166.0,34.2,164.0
367,1,618.808,0.085,458.046,0.0217,156.026,6,6,1.0000,5461.33,20.000000,0.007667,0.378058,1.877239,34.2,164.0,34.2,158.0
368,1,679.733,0.141,437.867,0.0243,237.080,8,8,1.0000,4096.00,20.000000,0.007963,0.470921,1.914109,34.2,158.0,34.2,160.0
369,1,675.579,0.160,441.250,0.0256,229.495,9,7,0.7778,3640.89,15.555556,0.008131,0.341075,1.674760,34.2,160.0,34.2,170.0
370,1,762.252,0.079,431.967,0.0217,324.606,9,9,1.0000,3640.89,20.000000,0.008696,0.232300,1.791939,34.2,170.0,34.2,154.0
371,1,457.103,0.091,424.207,0.0217,28.344,1,1,1.0000,32768.00,20.000000,0.004889,0.216981,1.559876,34.2,154.0,34.2,148.0
372,1,711.232,0.146,447.722,0.0245,258.296,10,9,0.9000,3276.80,18.000000,0.006115,0.501414,1.914945,34.2,148.0,34.2,174.0
373,1,569.291,0.083,419.487,0.0216,144.679,5,5,1.0000,6553.60,20.000000,0.009573,0.344710,1.965207,34.2,174.0,34.2,156.0
374,1,552.558,0.152,446.525,0.0209,101.399,4,3,0.7500,8192.00,15.000000,0.011201,0.286057,1.776326,34.2,156.0,34.2,156.0
375,1,539.014,0.145,454.554,0.0270,79.802,3,2,0.6667,10922.67,13.333333,0.005310,0.196064,1.985156,34.2,156.0,34.2,164.0
376,1,608.441,0.154,466.506,0.0231,136.743,3,3,1.0000,10922.67,20.000000,0.004592,0.359231,1.971613,34.2,164.0,34.2,164.0
377,1,504.012,0.092,445.673,0.0239,53.727,2,2,1.0000,16384.00,20.000000,0.013474,0.110183,2.074735,34.2,164.0,34.2,140.0
378,2,1066.156,0.257,954.749,0.0242,102.274,2,2,1.0000,16384.00,20.000000,0.010299,0.173729,1.877286,34.2,140.0,34.2,156.0
